iata,latitude,longitude
513d68f0fdc9f03587004555,42.379588,-71.04010499999998
513d6c50fdc9f03587004f32,42.387840000000004,-71.142739
513d6c1dfdc9f03587004eb4,42.329083000000004,-71.16614800000002
513d69fbfdc9f035870048fa,42.288831,-71.05715800000002
513d694afdc9f03587004693,42.370340999999996,-71.037193
513d6c4bfdc9f03587004f29,42.317462,-71.11675200000002
513d6aa4fdc9f03587004b05,42.417977,-71.06234699999997
513d6a64fdc9f03587004a5b,42.370703999999996,-71.176829
513d69bdfdc9f03587004833,42.382159,-70.99869100000002
513d68fffdc9f03587004587,42.324975,-71.07083599999999
513d690dfdc9f035870045b8,42.322297999999996,-71.15047600000003
513d6a09fdc9f03587004926,42.392558,-71.11528699999997
513d6b92fdc9f03587004d59,42.368226,-71.18285900000002
513d67f6fdc9f035870041e7,42.341938,-71.115317
513d6a60fdc9f03587004a51,42.377461,-71.03609200000001
513d6837fdc9f035870042c5,42.341287,-71.16700700000001
513d6c2dfdc9f03587004edc,42.409079999999996,-71.04874999999998
513d6ba4fdc9f03587004d8a,42.317738,-71.04198600000002
513d67b6fdc9f03587004147,42.297637,-71.05021599999998
513d6c1cfdc9f03587004eb0,42.283763,-71.06566499999997
513d67d2fdc9f0358700418a,42.393184000000005,-71.12355400000001
513d6924fdc9f03587004616,42.383274,-71.12804299999998
513d6bddfdc9f03587004e11,42.389218,-71.09724599999998
513d6811fdc9f0358700423f,42.378912,-71.13548300000002
513d67a8fdc9f03587004127,42.39725,-70.98425999999999
513d67ddfdc9f035870041a6,42.391718,-71.17389200000002
513d6918fdc9f035870045e7,42.369253,-70.98447599999997
513d6952fdc9f035870046ae,42.296467,-71.09198900000001
513d6c8cfdc9f03587004fc4,42.365146,-71.14865700000001
513d6c09fdc9f03587004e7f,42.290503,-71.057639
513d689ffdc9f03587004437,42.404804999999996,-71.04909199999997
513d6adcfdc9f03587004b92,42.294432,-71.067633
513d68cefdc9f035870044db,42.316468,-71.05783099999995
513d68b1fdc9f03587004476,42.384614,-71.092803
513d6945fdc9f03587004683,42.406605,-71.06058200000003
513d6be0fdc9f03587004e1b,42.397144,-71.127002
513d6c93fdc9f03587004fd4,42.392154999999995,-71.00863300000003
513d6b7cfdc9f03587004d23,42.410808,-71.137429
513d69c9fdc9f0358700485a,42.408117,-71.054532
513d691bfdc9f035870045f4,42.345902,-71.03790800000002
513d682afdc9f03587004298,42.343140999999996,-71.09945500000003
513d6a19fdc9f03587004961,42.330619,-71.113024
513d677ffdc9f035870040b8,42.284715999999996,-71.09244899999999
513d691cfdc9f035870045f6,42.399557,-71.12498900000003
513d6c9efdc9f03587004ff5,42.404655,-71.15969000000003
513d6926fdc9f0358700461e,42.334034,-71.07275600000003
513d6840fdc9f035870042e6,42.298805,-71.09961499999997
513d69e0fdc9f035870048a2,42.285140999999996,-71.09346900000003
513d6823fdc9f0358700427f,42.379138,-71.13782100000003
513d6ca2fdc9f03587004fff,42.295864,-71.05821800000002
513d6c97fdc9f03587004fe1,42.338314000000004,-71.04361399999998
513d6adefdc9f03587004b97,42.372081,-70.97670199999997
513d6a52fdc9f03587004a26,42.268449,-71.07427999999999
513d6b8cfdc9f03587004d4b,42.420705,-71.00525700000003
513d6afefdc9f03587004be9,42.360108000000004,-71.119775
513d68aafdc9f0358700445a,42.384907,-71.04747900000002
513d6851fdc9f03587004321,42.35116,-71.16772700000001
513d6886fdc9f035870043de,42.367982,-71.05701899999997
513d6c1bfdc9f03587004eac,42.368206,-71.03910300000003
513d6c80fdc9f03587004fa7,42.386721,-71.04580299999998
513d69c2fdc9f0358700483f,42.391565,-71.09400599999998
513d692cfdc9f0358700462f,42.38904,-71.14545099999998
513d6a27fdc9f03587004992,42.413307,-71.02455199999997
513d690efdc9f035870045bc,42.383853,-70.99184699999999
513d697cfdc9f03587004750,42.383866,-70.992298
513d6c89fdc9f03587004fbd,42.403216,-71.11555699999997
513d6a3ffdc9f035870049e4,42.298303000000004,-71.06853000000002
513d68dffdc9f03587004514,42.36549,-71.16541099999999
513d679efdc9f0358700410b,42.420669000000004,-71.00872500000003
513d6868fdc9f0358700436d,42.392569,-71.10981099999998
513d6a95fdc9f03587004adb,42.394434000000004,-71.05600300000003
513d6c63fdc9f03587004f64,42.387876,-71.07596699999998
513d6786fdc9f035870040cf,42.312396,-71.06160200000001
513d6c3ffdc9f03587004f0d,42.392544,-71.003803
513d685dfdc9f03587004346,42.333053,-71.08137799999997
513d6aacfdc9f03587004b18,42.302372999999996,-71.074881
513d6b07fdc9f03587004c05,42.370162,-70.98415899999998
513d69cbfdc9f03587004862,42.361356,-71.12599200000001
513d6ad8fdc9f03587004b89,42.403087,-71.04598399999998
513d68e2fdc9f03587004521,42.407647,-71.050814
513d69ebfdc9f035870048ca,42.409208,-71.123355
513d6a72fdc9f03587004a7f,42.365048,-71.12727199999999
513d6b52fdc9f03587004cbf,42.333914,-71.16328900000002
513d6ae8fdc9f03587004bb5,42.281078,-71.079544
513d6c97fdc9f03587004fe0,42.330738000000004,-71.06328400000002
513d6b4ffdc9f03587004cb6,42.313089,-71.09542699999997
513d684dfdc9f03587004311,42.324326,-71.11684699999999
513d6a61fdc9f03587004a55,42.310984999999995,-71.11929099999998
513d67b6fdc9f03587004145,42.421685,-71.099875
513d6adffdc9f03587004b9a,42.421378999999995,-71.05240600000002
513d67fefdc9f035870041ff,42.390116,-71.10222199999998
513d69c3fdc9f03587004844,42.415396,-71.03215
513d6c2cfdc9f03587004eda,42.316973,-71.10402199999999
513d6a6efdc9f03587004a76,42.381338,-71.02675999999997
513d6b4ffdc9f03587004cb7,42.382015,-70.98034100000002
513d6abbfdc9f03587004b3e,42.427557,-71.028032
513d6c08fdc9f03587004e7b,42.301646999999996,-71.11234000000002
513d6b5cfdc9f03587004cd7,42.380387,-70.99178599999998
513d6c5bfdc9f03587004f51,42.426929,-71.07725099999998
513d6b9dfdc9f03587004d77,42.393969,-71.03919499999999
513d6a86fdc9f03587004aaf,42.358844,-71.14032500000002
513d68a7fdc9f03587004454,42.415395000000004,-71.06384500000001
513d6c7ffdc9f03587004fa3,42.363406,-71.12727899999999
513d6ab8fdc9f03587004b36,42.428127,-71.03427699999997
513d6be0fdc9f03587004e19,42.281187,-71.094649
513d6a3bfdc9f035870049d5,42.372104,-71.068287
513d6ba1fdc9f03587004d81,42.303612,-71.09911599999998
513d6bc6fdc9f03587004dd3,42.313066,-71.10816699999998
513d6be3fdc9f03587004e21,42.351127000000005,-71.06693299999999
513d6a20fdc9f03587004979,42.340225,-71.119261
513d6937fdc9f0358700465c,42.389818,-70.973679
513d6b25fdc9f03587004c52,42.344553000000005,-71.13773800000001
513d68c6fdc9f035870044c3,42.309369000000004,-71.05972300000002
513d6ae7fdc9f03587004bb0,42.281453000000006,-71.09558900000002
513d6a6bfdc9f03587004a6c,42.35633,-71.13583599999998
513d683dfdc9f035870042d7,42.339449,-71.08642800000001
513d6956fdc9f035870046be,42.384962,-70.97609399999997
513d6c93fdc9f03587004fd7,42.297149,-71.07781899999998
513d6a7efdc9f03587004a9d,42.405095,-71.11378100000002
513d6979fdc9f0358700473f,42.403502,-71.09949699999999
513d6c15fdc9f03587004e9c,42.381559,-71.17354399999998
513d6b7afdc9f03587004d1d,42.299566999999996,-71.10318699999998
513d679cfdc9f03587004105,42.368558,-71.10483999999997
513d67abfdc9f0358700412c,42.361326,-71.11643600000002
513d68b5fdc9f03587004483,42.418889,-71.098703
513d6a2ffdc9f035870049b0,42.416954,-71.10185999999999
513d6ca6fdc9f0358700500a,42.419907,-71.05178999999998
513d68b0fdc9f0358700446f,42.402043,-71.06865299999998
513d6bf6fdc9f03587004e51,42.397119,-70.99325599999997
513d696afdc9f03587004707,42.36955,-71.17915700000003
513d6c0cfdc9f03587004e87,42.383289000000005,-71.098881
513d6bb5fdc9f03587004dae,42.37366,-71.09591999999998
513d6b84fdc9f03587004d36,42.361996000000005,-70.97509300000002
513d69acfdc9f035870047f8,42.390988,-71.04017899999997
513d678ffdc9f035870040e6,42.344403,-71.15289100000003
513d6ae9fdc9f03587004bb6,42.34883,-71.10870899999998
513d6afefdc9f03587004beb,42.308748,-71.09068300000001
513d67c3fdc9f03587004164,42.375091999999995,-71.07279699999998
513d6b57fdc9f03587004cc8,42.343006,-71.088664
513d6982fdc9f03587004764,42.311284,-71.13270599999998
513d6b8bfdc9f03587004d46,42.377481,-71.03914900000002
513d6c18fdc9f03587004ea6,42.339821,-71.10129
513d6c21fdc9f03587004ec2,42.380635,-71.10105399999998
513d686dfdc9f0358700437d,42.336645000000004,-71.09285200000001
513d6beafdc9f03587004e35,42.290229,-71.083976
513d682efdc9f035870042a3,42.379940000000005,-71.062547
513d6c0bfdc9f03587004e84,42.370698,-71.03315399999997
513d6c3cfdc9f03587004f04,42.358996999999995,-71.09720600000003
513d6c10fdc9f03587004e8d,42.419993,-71.07227799999998
513d67aafdc9f0358700412a,42.293268,-71.04643900000002
513d68cafdc9f035870044cf,42.325873,-71.13687299999998
513d68effdc9f0358700454e,42.371439,-71.09955300000001
513d6a05fdc9f03587004919,42.41503,-71.12258099999997
513d68bdfdc9f035870044a4,42.345436,-71.08016299999997
513d681dfdc9f03587004269,42.300506,-71.07583499999998
513d6b58fdc9f03587004ccb,42.30696,-71.059438
513d6ae0fdc9f03587004b9f,42.382605,-71.03691000000003
513d6a9ffdc9f03587004af5,42.337435,-71.09679900000003
513d6c68fdc9f03587004f72,42.400596,-71.10787600000003
513d6957fdc9f035870046c2,42.380734000000004,-71.09203000000002
513d6917fdc9f035870045e5,42.3845,-71.00349599999998
513d6b7bfdc9f03587004d1f,42.291515999999994,-71.11176400000001
513d696dfdc9f03587004711,42.35734,-71.14768900000001
513d677afdc9f035870040a9,42.365621999999995,-71.07555500000002
513d6c15fdc9f03587004e9f,42.317652,-71.05671699999998
513d6a9bfdc9f03587004ae9,42.418098,-71.10122199999999
513d67f6fdc9f035870041e9,42.374671,-71.088277
513d67bcfdc9f03587004154,42.356246999999996,-71.16775799999998
513d6c1bfdc9f03587004eae,42.363611,-71.16438499999998
513d6956fdc9f035870046c0,42.302107,-71.06219900000002
513d6896fdc9f0358700440e,42.358017,-71.16847800000001
513d6c5bfdc9f03587004f53,42.395436,-71.02664500000003
513d6a2afdc9f0358700499f,42.374378,-71.11975100000002
513d6a37fdc9f035870049c4,42.333717,-71.14124800000002
513d6a49fdc9f03587004a05,42.400636,-71.03831000000002
513d6bb7fdc9f03587004db1,42.336532,-71.09393
513d692efdc9f03587004638,42.354558000000004,-71.15166099999998
513d6b47fdc9f03587004ca2,42.356306,-71.114441
513d67a9fdc9f03587004128,42.276086,-71.06117999999998
513d690ffdc9f035870045c0,42.280589,-71.065741
513d6831fdc9f035870042ad,42.377935,-71.17290700000002
513d6bd1fdc9f03587004def,42.314566,-71.04463699999997
513d6cacfdc9f03587005019,42.366112,-71.09837500000003
513d6805fdc9f03587004216,42.361375,-71.07954699999998
513d685afdc9f0358700433c,42.364836,-71.05891899999999
513d67cbfdc9f03587004177,42.391178000000004,-71.09140200000002
513d6931fdc9f03587004642,42.334340999999995,-71.12212599999998
513d6c75fdc9f03587004f8d,42.392109999999995,-71.03442999999999
513d6b63fdc9f03587004ce7,42.347649,-71.044623
513d6aadfdc9f03587004b1c,42.33743,-71.11099999999998
513d6a8cfdc9f03587004ac2,42.359629999999996,-71.12229200000002
513d6ac1fdc9f03587004b51,42.33299,-71.09557899999999
513d6a69fdc9f03587004a67,42.342426,-71.046584
513d69c6fdc9f0358700484c,42.284511,-71.07316300000002
513d69b4fdc9f03587004814,42.368157000000004,-71.16570899999998
513d6ca1fdc9f03587004ffc,42.357103,-71.10105299999998
513d6797fdc9f035870040f9,42.379028999999996,-71.05088699999997
513d6bc2fdc9f03587004dca,42.341563,-71.17566099999998
513d6912fdc9f035870045ce,42.350581,-71.08230200000003
513d6ac9fdc9f03587004b66,42.421099,-71.06790999999998
513d67a8fdc9f03587004125,42.301764,-71.11499100000003
513d69dbfdc9f03587004895,42.381892,-71.071396
513d6c2ffdc9f03587004ee3,42.412251,-71.09693500000003
513d6b34fdc9f03587004c78,42.334167,-71.07256600000001
513d694ffdc9f035870046a3,42.382591,-71.03368799999998
513d677cfdc9f035870040af,42.370774,-71.12697700000002
513d6952fdc9f035870046b0,42.274958000000005,-71.06359399999997
513d6b74fdc9f03587004d10,42.383841,-71.142155
513d6998fdc9f035870047ac,42.360686,-71.1087
513d67a7fdc9f03587004123,42.364391999999995,-71.13642099999998
513d695cfdc9f035870046d6,42.359693,-71.08486600000003
513d6c8efdc9f03587004fc7,42.301212,-71.12671899999998
513d6951fdc9f035870046ab,42.367963,-71.05636900000002
513d6a0ffdc9f0358700493f,42.339913,-71.08556099999998
513d688ffdc9f035870043f7,42.315041,-71.059931
513d6c1ffdc9f03587004ebb,42.414865,-71.06809499999997
513d6b7afdc9f03587004d1b,42.3611,-71.11119599999999
513d67affdc9f03587004136,42.387197,-71.17242299999998
513d67bbfdc9f03587004153,42.334817,-71.123603
513d698ffdc9f0358700478f,42.387696000000005,-71.038814
513d684bfdc9f03587004309,42.370129,-70.98281700000003
513d6895fdc9f0358700440d,42.400821,-71.16930500000002
513d69e9fdc9f035870048c3,42.393423,-70.99437499999998
513d680ffdc9f03587004237,42.330503,-71.10079000000002
513d6a34fdc9f035870049bc,42.270925,-71.085466
513d6ab2fdc9f03587004b2c,42.417362,-71.11462799999998
513d6ac9fdc9f03587004b64,42.302696999999995,-71.111174
513d6b88fdc9f03587004d3e,42.343208000000004,-71.15607
513d685efdc9f0358700434b,42.36907,-71.05992700000002
513d6960fdc9f035870046e3,42.358946,-71.097307
513d6ca1fdc9f03587004ffd,42.405159999999995,-71.105007
513d6c52fdc9f03587004f38,42.413115000000005,-71.10852599999998
513d68adfdc9f03587004465,42.334538,-71.13304700000003
513d6c6cfdc9f03587004f7a,42.320058,-71.05404599999997
513d6974fdc9f0358700472b,42.300281,-71.04892199999999
513d6989fdc9f0358700477a,42.376363,-71.16599500000002
513d6a1bfdc9f0358700496d,42.393493,-71.16199499999998
513d6b03fdc9f03587004bfa,42.390365,-71.10832499999998
513d6a1ffdc9f03587004978,42.379329,-71.180657
513d691dfdc9f035870045fd,42.313665,-71.03521999999998
513d698dfdc9f03587004788,42.286133,-71.10468700000001
513d6c83fdc9f03587004faf,42.310093,-71.103927
513d679cfdc9f03587004107,42.404546,-71.165596
513d6b73fdc9f03587004d0d,42.357321,-71.17569000000003
513d6920fdc9f03587004607,42.343295,-71.153704
513d697bfdc9f03587004747,42.400102000000004,-70.98491800000001
513d6ca0fdc9f03587004ffa,42.400317,-71.01542599999998
513d691afdc9f035870045f0,42.277559000000004,-71.06661600000002
513d690afdc9f035870045ae,42.423292,-71.04350499999998
513d6b90fdc9f03587004d53,42.290163,-71.091385
513d6af3fdc9f03587004bd3,42.347843,-71.14076599999999
513d6978fdc9f0358700473d,42.382395,-71.01911700000001
513d6866fdc9f03587004365,42.326465,-71.08256300000001
513d688dfdc9f035870043f4,42.381578999999995,-71.06674299999997
513d6923fdc9f03587004613,42.34435,-71.060946
513d67b2fdc9f0358700413e,42.373282,-71.123899
513d6c32fdc9f03587004eed,42.376245000000004,-71.05015800000002
513d6ac1fdc9f03587004b4f,42.328998999999996,-71.07970899999998
513d6acbfdc9f03587004b6a,42.379478999999996,-71.13163299999997
513d6ae4fdc9f03587004ba9,42.369346,-71.17020600000002
513d6ba0fdc9f03587004d7f,42.393681,-71.13611600000002
513d6900fdc9f0358700458b,42.393843,-70.99410799999998
513d6a54fdc9f03587004a2a,42.403524,-71.05114100000003
513d6788fdc9f035870040d3,42.390471999999995,-71.15322500000002
513d6829fdc9f03587004294,42.389221,-71.12669900000003
513d67a3fdc9f03587004117,42.371408,-71.168835
513d6797fdc9f035870040fb,42.375657000000004,-71.11550999999997
513d68f9fdc9f03587004575,42.378146,-71.11638900000003
513d695dfdc9f035870046d8,42.312340999999996,-71.040323
513d6ba4fdc9f03587004d88,42.412224,-71.02060899999998
513d6928fdc9f03587004624,42.29634,-71.07763699999998
513d6b93fdc9f03587004d5c,42.371167,-71.09261300000003
513d68e1fdc9f0358700451d,42.371749,-70.98207400000003
513d683cfdc9f035870042d4,42.381549,-71.14422000000002
513d6c20fdc9f03587004ebc,42.333401,-71.07066999999999
513d694bfdc9f03587004696,42.404003,-71.05662999999998
513d692dfdc9f03587004632,42.36673,-71.06819999999998
513d67e8fdc9f035870041c2,42.398202000000005,-71.10609999999997
513d6a46fdc9f035870049ff,42.356640999999996,-71.15871800000002
513d697efdc9f03587004757,42.34509,-71.10890899999998
513d6b13fdc9f03587004c29,42.336702,-71.039941
513d6a1afdc9f03587004966,42.298967,-71.05700300000002
513d6c47fdc9f03587004f1e,42.398301000000004,-70.990117
513d699ffdc9f035870047c6,42.332173,-71.12861800000002
513d6acffdc9f03587004b74,42.367798,-71.09740499999998
513d6c6efdc9f03587004f7f,42.330292,-71.050141
513d691dfdc9f035870045fa,42.33599,-71.171585
513d69eefdc9f035870048d4,42.329373,-71.115229
513d6bdffdc9f03587004e17,42.394759,-71.13083899999998
513d6b18fdc9f03587004c36,42.415591,-71.08719100000002
513d6a95fdc9f03587004ad9,42.393153000000005,-71.17503699999997
513d6a68fdc9f03587004a63,42.364571000000005,-71.127927
513d6a29fdc9f0358700499b,42.332741,-71.14960400000002
513d69b3fdc9f0358700480e,42.350441,-70.96234200000005
513d6be4fdc9f03587004e23,42.29197,-71.10300799999997
513d69adfdc9f035870047fc,42.390069,-71.087986
513d67f4fdc9f035870041e3,42.355894,-71.11383699999998
513d69defdc9f0358700489d,42.375904,-71.06492600000001
513d6a16fdc9f03587004959,42.40449,-71.08568100000002
513d69a7fdc9f035870047e6,42.381077000000005,-71.173516
513d6877fdc9f035870043a3,42.399487,-70.99382300000002
513d6a73fdc9f03587004a82,42.403859999999995,-71.00792899999998
513d6967fdc9f035870046fc,42.38258,-71.03203400000002
513d67effdc9f035870041d4,42.372325,-71.11415999999997
513d69fafdc9f035870048f7,42.40558,-71.07988999999998
513d69d3fdc9f03587004880,42.315021,-71.04803700000002
513d69dcfdc9f03587004898,42.385334,-71.01086700000002
513d68ccfdc9f035870044d7,42.311218,-71.12872400000003
513d688efdc9f035870043f6,42.396483,-70.987462
513d67bafdc9f03587004150,42.359013,-71.07224400000003
513d6b3dfdc9f03587004c8d,42.382065999999995,-71.15793200000002
513d696cfdc9f0358700470c,42.415766999999995,-71.04771099999998
513d6babfdc9f03587004d99,42.408077,-71.06547499999998
513d6849fdc9f03587004302,42.349609,-71.04064599999998
513d6adbfdc9f03587004b91,42.295082,-71.11893299999997
513d6c30fdc9f03587004ee5,42.381402,-71.136189
513d6c19fdc9f03587004ea8,42.367484000000005,-71.17254700000002
513d6b9ffdc9f03587004d7d,42.417246,-71.11955699999999
513d6ae3fdc9f03587004ba6,42.405159999999995,-71.105007
513d6919fdc9f035870045ec,42.3106,-71.12996199999998
513d6781fdc9f035870040bf,42.306672,-71.12599699999998
513d6926fdc9f0358700461c,42.292618,-71.07655599999998
513d698afdc9f03587004780,42.368361,-71.10718800000002
513d69b3fdc9f0358700480c,42.327783000000004,-71.15819199999999
513d6904fdc9f0358700459a,42.379888,-71.14452900000003
513d6b0cfdc9f03587004c14,42.355515999999994,-71.05249100000003
513d6a74fdc9f03587004a84,42.402378000000006,-71.14039000000002
513d6841fdc9f035870042ea,42.397374,-71.16514999999998
513d6bb3fdc9f03587004dab,42.357183,-71.13468799999998
513d6775fdc9f035870040a0,42.402268,-71.11964799999998
513d6810fdc9f03587004238,42.29002,-71.078642
513d6c3bfdc9f03587004f01,42.41731,-71.059687
513d69aefdc9f035870047ff,42.358053999999996,-71.11289199999999
513d6958fdc9f035870046c6,42.323462,-71.150779
513d6821fdc9f03587004277,42.347871000000005,-71.07760400000002
513d6c20fdc9f03587004ebe,42.396916999999995,-71.00883099999999
513d67ccfdc9f03587004179,42.348236,-71.13224000000002
513d6c65fdc9f03587004f6a,42.36391,-71.11064399999998
513d6c82fdc9f03587004fac,42.357263,-71.104107
513d690efdc9f035870045be,42.339,-71.07750299999998
513d6b3efdc9f03587004c8f,42.395624,-71.10421500000002
513d6772fdc9f03587004094,42.347729,-71.15493400000003
513d6c13fdc9f03587004e98,42.323448,-71.15088400000002
513d6b23fdc9f03587004c50,42.409361,-71.114485
513d6b36fdc9f03587004c7c,42.334266,-71.07600500000002
513d6a9dfdc9f03587004aef,42.283996,-71.07564000000002
513d6be8fdc9f03587004e2f,42.31555,-71.10707300000001
513d67aefdc9f03587004134,42.418268,-71.09412099999997
513d6909fdc9f035870045aa,42.347356,-71.10976599999998
513d6a4cfdc9f03587004a13,42.407632,-71.14422000000002
513d6b30fdc9f03587004c70,42.409724,-71.12935700000003
513d6a3efdc9f035870049df,42.342845000000004,-71.14132699999998
513d6b72fdc9f03587004d0a,42.306191,-71.115499
513d6c53fdc9f03587004f3a,42.42738,-71.05870800000002
513d6bb1fdc9f03587004da8,42.389829,-70.996939
513d683afdc9f035870042cd,42.368262,-71.113517
513d6960fdc9f035870046e1,42.379690000000004,-71.16925400000002
513d6a0bfdc9f0358700492d,42.367096000000004,-71.18297700000001
513d6980fdc9f0358700475f,42.396326,-71.118762
513d693bfdc9f0358700466b,42.353858,-71.103249
513d6c14fdc9f03587004e9a,42.360537,-71.06037600000002
513d6838fdc9f035870042c7,42.366444,-71.11595299999998
513d6b48fdc9f03587004ca5,42.335254,-71.135312
513d696efdc9f03587004712,42.371712,-71.06534899999997
513d6a21fdc9f0358700497d,42.336328,-71.12286499999998
513d6792fdc9f035870040ee,42.369603999999995,-71.08527400000003
513d6af9fdc9f03587004bde,42.372073,-71.16962699999998
513d6ca7fdc9f0358700500b,42.395633000000004,-71.02118999999998
513d691ffdc9f03587004604,42.33247,-71.14814999999999
513d68dffdc9f03587004516,42.378457,-71.12581399999998
513d67c8fdc9f03587004172,42.378926,-70.984576
513d6976fdc9f03587004732,42.344403,-71.15289100000003
513d69bafdc9f03587004827,42.37684,-71.09157800000003
513d6986fdc9f0358700476d,42.310507,-71.11233300000005
513d6b3cfdc9f03587004c8c,42.421966,-71.06429500000002
513d6813fdc9f03587004245,42.381665000000005,-71.07000099999998
513d6963fdc9f035870046ec,42.353187,-71.06431800000001
513d67d6fdc9f03587004198,42.416721,-71.08329000000003
513d6ac4fdc9f03587004b57,42.316445,-71.13049899999999
513d6b26fdc9f03587004c57,42.410121000000004,-71.13620200000003
513d6b65fdc9f03587004ced,42.293702,-71.080554
513d6a6afdc9f03587004a6a,42.399302,-71.12695100000002
513d687cfdc9f035870043b6,42.349328,-71.11982999999998
513d68f8fdc9f03587004571,42.301956,-71.10157400000003
513d6962fdc9f035870046e8,42.386182,-71.03087800000003
513d67c5fdc9f0358700416b,42.273666999999996,-71.07361400000002
513d697dfdc9f03587004755,42.422546000000004,-71.072225
513d6bf0fdc9f03587004e44,42.39111,-71.176873
513d6a93fdc9f03587004ad2,42.338459,-71.13512100000003
513d6779fdc9f035870040a7,42.416379,-71.096251
513d6bdefdc9f03587004e13,42.395311,-71.03299700000002
513d67a3fdc9f03587004118,42.405640999999996,-71.068151
513d686efdc9f03587004381,42.379269,-71.05798299999998
513d6ae2fdc9f03587004ba4,42.341843,-71.17325399999999
513d6a52fdc9f03587004a24,42.340455,-71.04886599999998
513d6bd5fdc9f03587004dfa,42.385383000000004,-71.02000499999997
513d6ba3fdc9f03587004d86,42.35031,-71.05032399999997
513d6c11fdc9f03587004e90,42.379626,-71.063468
513d6abefdc9f03587004b45,42.370196,-71.072314
513d6af1fdc9f03587004bcf,42.317516,-71.09660699999999
513d69a9fdc9f035870047ed,42.372279,-71.13763799999998
513d6975fdc9f03587004730,42.404228,-71.08252900000002
513d68d3fdc9f035870044ec,42.367616999999996,-71.06552599999998
513d6b49fdc9f03587004ca7,42.326905,-71.131732
513d6a19fdc9f03587004962,42.341594,-71.04816800000003
513d6b61fdc9f03587004ce1,42.383096,-71.158301
513d69e5fdc9f035870048b1,42.372239,-70.979175
513d6933fdc9f03587004649,42.371018,-71.10531700000001
513d69c6fdc9f0358700484d,42.388870000000004,-71.11624899999998
513d6b40fdc9f03587004c93,42.358864000000004,-71.16037699999998
513d696dfdc9f0358700470e,42.418632,-71.04242499999998
513d68a8fdc9f03587004456,42.409932,-71.085237
513d67e9fdc9f035870041c5,42.352861,-71.04325799999998
513d6ae4fdc9f03587004bab,42.316581,-71.064011
513d6ac7fdc9f03587004b61,42.297424,-71.06098700000003
513d6afffdc9f03587004bed,42.375421,-70.99532299999998
513d689dfdc9f0358700442f,42.313666999999995,-71.11404600000003
513d6a77fdc9f03587004a8c,42.379094,-71.11215400000003
513d6b28fdc9f03587004c5c,42.306684000000004,-71.07721900000001
513d6ca3fdc9f03587005004,42.281077,-71.07194300000003
513d6af6fdc9f03587004bdc,42.287279,-71.09476699999998
513d68bbfdc9f0358700449b,42.383109000000005,-71.13789099999997
513d6c39fdc9f03587004efc,42.42787,-71.06392399999999
513d6b0cfdc9f03587004c12,42.288336,-71.059373
513d6bacfdc9f03587004d9c,42.3475,-71.09306100000003
513d6ad9fdc9f03587004b8d,42.401487,-71.123986
513d6b5bfdc9f03587004cd3,42.418596,-71.07763699999998
513d6936fdc9f0358700465a,42.405943,-71.11739
513d6c58fdc9f03587004f49,42.427174,-71.03679599999998
513d6903fdc9f03587004596,42.360027,-71.17548499999998
513d6b1ffdc9f03587004c48,42.397247,-71.04434400000002
513d69cafdc9f0358700485d,42.37382,-71.03038700000002
513d6b2afdc9f03587004c64,42.383891,-70.98820999999998
513d6ba6fdc9f03587004d90,42.392582,-71.16429599999998
513d6addfdc9f03587004b94,42.401123,-71.11253299999998
513d69a8fdc9f035870047eb,42.331007,-71.12778100000003
513d69c1fdc9f0358700483b,42.327,-71.13915299999995
513d67a6fdc9f03587004120,42.296599,-71.07127700000002
513d697dfdc9f03587004752,42.348815,-71.04702700000001
513d69e3fdc9f035870048aa,42.40558,-71.07988999999998
513d6b98fdc9f03587004d68,42.401345,-71.09537599999999
513d6b43fdc9f03587004c99,42.311809000000004,-71.11765500000001
513d6bdbfdc9f03587004e0b,42.380043,-71.17945299999997
513d6a50fdc9f03587004a1d,42.389348,-70.97797700000002
513d6ae8fdc9f03587004bb3,42.367826,-71.02795800000001
513d6988fdc9f03587004776,42.298576000000004,-71.06759999999997
513d68befdc9f035870044a9,42.350088,-71.133397
513d6877fdc9f035870043a1,42.336715999999996,-71.04859399999998
513d6ca2fdc9f03587005001,42.364482,-71.16587700000002
513d69a3fdc9f035870047d8,42.41827,-70.99753099999998
513d683ffdc9f035870042df,42.282118,-71.09635200000002
513d69a1fdc9f035870047cd,42.331182,-71.151997
513d6a18fdc9f0358700495f,42.368906,-71.15849400000002
513d6951fdc9f035870046a8,42.304532,-71.131689
513d6a3efdc9f035870049e2,42.338759,-71.08401200000003
513d6addfdc9f03587004b96,42.41793,-71.062747
513d6afbfdc9f03587004be3,42.424119,-71.04538400000001
513d6b68fdc9f03587004cf3,42.352167,-71.06976800000002
513d6874fdc9f03587004395,42.292193,-71.07940300000001
513d69d0fdc9f03587004875,42.411165000000004,-71.12588900000003
513d699cfdc9f035870047b7,42.300765999999996,-71.07579399999997
513d69aafdc9f035870047f0,42.35546,-71.14955099999997
513d6b62fdc9f03587004ce4,42.374328000000006,-71.05832299999997
513d6c67fdc9f03587004f70,42.277931,-71.08226400000002
513d6876fdc9f0358700439f,42.375331,-71.10568599999998
513d6a24fdc9f03587004987,42.320768,-71.05948799999999
513d6a72fdc9f03587004a80,42.35833,-71.10337700000002
513d6b71fdc9f03587004d05,42.408084,-71.030464
513d6aeefdc9f03587004bc6,42.32164,-71.13965400000002
513d6806fdc9f0358700421a,42.366038,-71.04898300000002
513d68bcfdc9f0358700449e,42.313553000000006,-71.05775900000003
513d6ab0fdc9f03587004b26,42.393747999999995,-70.98761400000002
513d6b0efdc9f03587004c19,42.393127,-70.98172399999999
513d6a08fdc9f03587004924,42.355071,-71.06338599999998
513d67b9fdc9f0358700414e,42.294672,-71.05021999999997
513d6c1ffdc9f03587004eb9,42.40687,-71.13803200000002
513d6b8cfdc9f03587004d49,42.347249,-71.08792
513d6c12fdc9f03587004e94,42.328494,-71.05692499999998
513d69f9fdc9f035870048f4,42.425517,-71.00946099999999
513d6ac8fdc9f03587004b62,42.303764,-71.05432100000002
513d6a2cfdc9f035870049a6,42.398289,-71.04045000000002
513d68f2fdc9f0358700455d,42.367435,-71.16243299999995
513d67e2fdc9f035870041b3,42.297339,-71.073376
513d6b14fdc9f03587004c2d,42.383195,-71.01459399999997
513d6c28fdc9f03587004ed0,42.356239,-71.110164
513d6a9cfdc9f03587004aeb,42.316513,-71.10663199999998
513d67cffdc9f03587004182,42.308414,-71.10255599999998
513d6889fdc9f035870043e6,42.386486,-71.161495
513d6a17fdc9f0358700495c,42.368071,-71.16775999999999
513d699ffdc9f035870047c4,42.357972,-71.16640500000001
513d68c1fdc9f035870044af,42.418701,-71.00089500000001
513d68dafdc9f03587004506,42.393968,-70.98940099999999
513d696efdc9f03587004716,42.4021,-71.04381699999998
513d681ffdc9f03587004271,42.391177,-71.10847100000002
513d6934fdc9f03587004651,42.311941999999995,-71.04588100000002
513d6c72fdc9f03587004f88,42.332074,-71.05111599999998
513d686ffdc9f03587004383,42.339456,-71.07230300000003
513d68d3fdc9f035870044e9,42.365567,-71.14437700000002
513d6c17fdc9f03587004ea4,42.375273,-70.98612400000002
513d6ad5fdc9f03587004b81,42.395799,-71.103183
513d67c4fdc9f03587004167,42.386143,-71.03062699999998
513d6abdfdc9f03587004b42,42.373515000000005,-71.10421400000001
513d6c03fdc9f03587004e71,42.404512,-71.086026
513d6c4afdc9f03587004f27,42.334340999999995,-71.12212599999998
513d6bb8fdc9f03587004db3,42.358534999999996,-71.08927299999998
513d68effdc9f03587004550,42.371479,-71.09022900000002
513d67f3fdc9f035870041e0,42.329607,-71.14482199999998
513d6a44fdc9f035870049f7,42.313063,-71.05453499999999
513d6783fdc9f035870040c4,42.354327000000005,-71.17800799999998
513d6a51fdc9f03587004a22,42.369834000000004,-71.06065100000002
513d6bcdfdc9f03587004de6,42.366006,-71.02283899999998
513d6c87fdc9f03587004fb9,42.360003999999996,-71.087626
513d6911fdc9f035870045c9,42.308361,-71.11792600000003
513d684bfdc9f0358700430d,42.3245,-71.05959899999998
513d6c69fdc9f03587004f75,42.311303,-71.09783099999999
513d67a5fdc9f0358700411c,42.320068,-71.05314799999995
513d6979fdc9f03587004740,42.310297,-71.05045600000001
513d6a75fdc9f03587004a88,42.293302000000004,-71.06825900000003
513d6b9ffdc9f03587004d7b,42.399328999999994,-71.17273
513d6c00fdc9f03587004e69,42.279090999999994,-71.09946300000001
513d6914fdc9f035870045d5,42.391296000000004,-71.09529800000001
513d6b38fdc9f03587004c82,42.353972,-71.06397099999998
513d6818fdc9f03587004257,42.38022,-71.17476299999998
513d6c92fdc9f03587004fd2,42.368891,-71.02460000000002
513d6a11fdc9f03587004945,42.391256,-71.099335
513d6919fdc9f035870045ea,42.378434999999996,-71.07589000000002
513d6a6cfdc9f03587004a70,42.42184,-71.10725300000001
513d6c9afdc9f03587004feb,42.282399,-71.09649499999999
513d67d5fdc9f03587004192,42.404227,-71.03583200000003
513d6a39fdc9f035870049cf,42.412688,-71.115928
513d6ba6fdc9f03587004d8e,42.412917,-71.10685799999997
513d69edfdc9f035870048d1,42.330785,-71.08129200000002
513d694efdc9f035870046a1,42.407914,-71.01255700000002
513d6850fdc9f0358700431f,42.304010999999996,-71.04783500000002
513d6c23fdc9f03587004ec5,42.328435,-71.07405699999998
513d6867fdc9f03587004366,42.351856,-71.11022500000001
513d6bf3fdc9f03587004e49,42.321293,-71.065609
513d6965fdc9f035870046f4,42.399122,-71.12833999999998
513d6875fdc9f0358700439a,42.330765,-71.14300700000003
513d6b92fdc9f03587004d5b,42.303613,-71.13251400000001
513d6858fdc9f03587004336,42.369131,-71.06017400000002
513d6973fdc9f03587004725,42.291368,-71.07520799999998
513d678dfdc9f035870040e1,42.415254,-71.06812500000002
513d6963fdc9f035870046ee,42.319363,-71.09221000000002
513d689cfdc9f03587004429,42.401841,-71.13643300000003
513d679dfdc9f03587004109,42.406936,-71.01274000000002
513d6846fdc9f035870042fb,42.342607,-71.16034100000002
513d6b6cfdc9f03587004cfa,42.345021,-71.08122300000002
513d6bfdfdc9f03587004e62,42.364084000000005,-71.02874800000002
513d6b0dfdc9f03587004c18,42.381599,-71.10083600000002
513d6a1dfdc9f03587004973,42.323752,-71.06223399999998
513d6a40fdc9f035870049e9,42.392589,-71.02707800000002
513d69bdfdc9f03587004831,42.380043,-71.17945299999997
513d6ba8fdc9f03587004d94,42.409285,-71.102194
513d6b80fdc9f03587004d2d,42.361469,-71.07369599999998
513d6c48fdc9f03587004f20,42.394589,-71.11787800000002
513d677dfdc9f035870040b2,42.333396,-71.04291799999999
513d6b8afdc9f03587004d44,42.340165999999996,-71.07517800000001
513d6a86fdc9f03587004ab1,42.370337,-71.15374500000001
513d687afdc9f035870043ad,42.331468,-71.13093700000002
513d69fcfdc9f035870048fe,42.403638,-71.046266
513d682dfdc9f035870042a0,42.309705,-71.05086900000003
513d6a78fdc9f03587004a8f,42.30721,-71.08362199999998
513d6b0ffdc9f03587004c1f,42.373653999999995,-71.17258600000002
513d68d8fdc9f035870044fc,42.358459,-71.15088200000002
513d6a55fdc9f03587004a2d,42.31638,-71.09772599999997
513d67dafdc9f0358700419f,42.403422,-71.03170599999999
513d6824fdc9f03587004284,42.357009000000005,-71.05078100000003
513d68f2fdc9f0358700455b,42.367201,-71.14853399999998
513d67affdc9f03587004138,42.390361,-71.07050300000003
513d6a23fdc9f03587004983,42.386596000000004,-71.13496299999997
513d6beefdc9f03587004e3e,42.394816999999996,-71.05364700000001
513d6a1bfdc9f0358700496a,42.351634000000004,-71.10792400000003
513d6ad7fdc9f03587004b87,42.366721000000005,-71.09801099999999
513d6845fdc9f035870042f7,42.312478999999996,-71.05246499999998
513d6ac5fdc9f03587004b5b,42.325576,-71.12059999999997
513d6a4ffdc9f03587004a19,42.409862,-71.02347600000002
513d689bfdc9f03587004424,42.325881,-71.05671000000002
513d69a8fdc9f035870047e9,42.365567,-71.14437700000002
513d6aa6fdc9f03587004b09,42.374807000000004,-71.179532
513d69c3fdc9f03587004842,42.377023,-71.17767600000002
513d69c5fdc9f0358700484a,42.3749,-71.05081000000001
513d6b64fdc9f03587004ce9,42.372183,-71.08825100000001
513d6bd1fdc9f03587004df1,42.373251,-71.17818399999999
513d69fbfdc9f035870048f8,42.319523,-71.08757400000002
513d6bcafdc9f03587004dde,42.419015,-71.047032
513d6a0bfdc9f03587004930,42.343061999999996,-71.04583100000002
513d6c61fdc9f03587004f5f,42.351609,-71.05275400000001
513d68ddfdc9f0358700450d,42.361734000000006,-71.06264499999997
513d6873fdc9f03587004393,42.396811,-71.12743699999999
513d69b7fdc9f0358700481d,42.338763,-71.113584
513d6a12fdc9f03587004947,42.424732,-71.05097899999998
513d6835fdc9f035870042bd,42.340719,-71.15678200000002
513d6800fdc9f03587004207,42.368918,-71.15220799999997
513d6875fdc9f03587004398,42.382596,-71.178426
513d6a59fdc9f03587004a3c,42.326799,-71.11849699999998
513d6bb1fdc9f03587004da6,42.374466,-71.17651699999998
513d6876fdc9f0358700439d,42.28862,-71.05791499999998
513d6afdfdc9f03587004be7,42.35712,-71.149
513d6ae1fdc9f03587004ba1,42.367051000000004,-71.076301
513d69ecfdc9f035870048ce,42.298437,-71.04961000000003
513d6b45fdc9f03587004c9d,42.384855,-71.083053
513d69f0fdc9f035870048da,42.387074,-71.16490099999999
513d67e7fdc9f035870041bf,42.392589,-71.14620699999999
513d6bcdfdc9f03587004de7,42.397773,-71.02299800000003
513d69f0fdc9f035870048d8,42.383579,-71.13261899999998
513d6b72fdc9f03587004d08,42.283871000000005,-71.068556
513d6c30fdc9f03587004ee7,42.358069,-71.16979300000003
513d6b9dfdc9f03587004d76,42.307179999999995,-71.05852900000002
513d67d4fdc9f03587004190,42.274935,-71.08151499999997
513d6809fdc9f03587004223,42.331733,-71.12066500000003
513d6791fdc9f035870040ea,42.362369,-71.12471199999997
513d6b77fdc9f03587004d16,42.398228,-71.01911799999998
513d67ebfdc9f035870041ca,42.373321000000004,-71.13993600000003
513d6abffdc9f03587004b49,42.397129,-71.06189899999998
513d6868fdc9f0358700436b,42.345981,-71.06140700000003
513d6842fdc9f035870042ee,42.277120000000004,-71.08192300000002
513d6b1dfdc9f03587004c3f,42.294787,-71.08493699999997
513d6b80fdc9f03587004d2f,42.349193,-71.04593999999997
513d691ffdc9f03587004602,42.411972,-71.09698500000002
513d6aaafdc9f03587004b12,42.358348,-71.06582300000002
513d6992fdc9f03587004797,42.311510999999996,-71.045659
513d6977fdc9f03587004736,42.340841,-71.16022399999997
513d6780fdc9f035870040bc,42.329190000000004,-71.14986299999998
513d6827fdc9f0358700428e,42.357091,-71.02648399999998
513d6772fdc9f03587004096,42.415811,-71.012654
513d6b56fdc9f03587004cc6,42.395174,-70.99064799999995
513d68b7fdc9f0358700448c,42.330551,-71.05422199999998
513d6c57fdc9f03587004f48,42.379302,-71.02414299999998
513d6c95fdc9f03587004fdb,42.349548,-71.15563400000002
513d69dafdc9f03587004893,42.391346,-71.16764
513d67e5fdc9f035870041bb,42.346018,-71.125584
513d6a0efdc9f03587004939,42.372414,-71.127792
513d6c3afdc9f03587004efe,42.375784,-71.084608
513d6bc9fdc9f03587004ddc,42.412617,-71.08577700000002
513d6834fdc9f035870042b5,42.419108,-71.02142100000003
513d68aefdc9f0358700446c,42.3487,-71.16580799999997
513d6946fdc9f03587004686,42.399752,-71.11536000000002
513d6bbefdc9f03587004dc1,42.404278999999995,-71.169216
513d6a9afdc9f03587004ae7,42.406239,-71.03389400000003
513d6bcefdc9f03587004dea,42.310488,-71.12194599999998
513d685ffdc9f03587004352,42.399372,-71.17011000000002
513d6c79fdc9f03587004f98,42.365984000000005,-71.179035
513d6ca6fdc9f03587005008,42.417061,-70.99732699999998
513d6aeafdc9f03587004bba,42.358267,-71.17352700000005
513d6c6efdc9f03587004f81,42.378434999999996,-71.07589000000002
513d6898fdc9f03587004418,42.335365,-71.09022199999998
513d676dfdc9f03587004088,42.313215,-71.12469699999997
513d6cacfdc9f03587005017,42.361263,-71.07309900000001
513d6b7bfdc9f03587004d21,42.310735,-71.03734600000001
513d69b8fdc9f03587004821,42.370098,-71.11336599999998
513d68fefdc9f03587004584,42.289828,-71.10557499999999
513d6c44fdc9f03587004f16,42.379526,-71.03920900000003
513d6bf1fdc9f03587004e45,42.372121,-71.070739
513d68a7fdc9f03587004451,42.318425,-71.06307900000002
513d67acfdc9f0358700412e,42.365564,-71.13940500000002
513d6a4bfdc9f03587004a0e,42.290555,-71.11050399999998
513d69f3fdc9f035870048e2,42.313697999999995,-71.03359999999998
513d6c34fdc9f03587004ef2,42.365762,-71.09287599999998
513d6994fdc9f0358700479f,42.321182,-71.11792700000002
513d6a13fdc9f0358700494b,42.332265,-71.12613499999998
513d6820fdc9f03587004274,42.387633,-71.03012899999997
513d6acbfdc9f03587004b6b,42.403206,-71.05706099999998
513d67eafdc9f035870041c8,42.338065,-71.04000100000002
513d6b75fdc9f03587004d12,42.416713,-71.08163100000002
513d6c94fdc9f03587004fd9,42.399062,-71.06296199999997
513d6aaffdc9f03587004b23,42.393309,-71.16901899999998
513d6890fdc9f035870043fc,42.323325,-71.14567999999997
513d6a11fdc9f03587004944,42.369164000000005,-71.15062899999998
513d6ae9fdc9f03587004bb8,42.423606,-71.07068900000002
513d6a60fdc9f03587004a52,42.394708,-71.06697300000002
513d6975fdc9f0358700472d,42.304703,-71.11787800000002
513d67a6fdc9f0358700411f,42.353845,-71.04780399999999
513d6b0dfdc9f03587004c16,42.377891999999996,-71.169894
513d6a3bfdc9f035870049d4,42.26665,-71.070063
513d6915fdc9f035870045db,42.359925,-70.974939
513d6abcfdc9f03587004b41,42.408076,-71.12638300000003
513d67fbfdc9f035870041f6,42.345625,-71.13409200000002
513d6a71fdc9f03587004a7d,42.319821999999995,-71.04780199999998
513d6aa3fdc9f03587004b01,42.383493,-71.07181800000002
513d6b21fdc9f03587004c4c,42.421189,-71.07540599999999
513d67d2fdc9f0358700418b,42.313072,-71.09282400000002
513d6b3efdc9f03587004c90,42.291340999999996,-71.06210699999997
513d6b89fdc9f03587004d42,42.318484000000005,-71.07094000000002
513d679efdc9f0358700410d,42.373834,-70.988202
513d67e0fdc9f035870041ae,42.380935,-71.02275500000002
513d6b41fdc9f03587004c96,42.383693,-71.12887799999999
513d6a1cfdc9f0358700496f,42.409293,-71.06145400000003
513d67fffdc9f03587004204,42.412746000000006,-71.13105999999998
513d6b0bfdc9f03587004c0f,42.372239,-70.979175
513d6b5efdc9f03587004cda,42.317661,-71.07538499999998
513d6a50fdc9f03587004a20,42.309614,-71.12145499999997
513d6c16fdc9f03587004ea0,42.299853000000006,-71.048769
513d6b06fdc9f03587004c03,42.296668,-71.11289399999998
513d6a58fdc9f03587004a37,42.310468,-71.10789999999997
513d67fffdc9f03587004202,42.423511,-71.06602199999998
513d682efdc9f035870042a5,42.426077,-71.02515800000003
513d6a0afdc9f0358700492b,42.381814,-71.08957299999997
513d6b20fdc9f03587004c49,42.401156,-71.01369499999998
513d68c9fdc9f035870044cc,42.391446,-71.14612299999997
513d6a6afdc9f03587004a69,42.418791999999996,-71.04193499999997
513d687afdc9f035870043b0,42.359866,-71.16352899999998
513d6c9afdc9f03587004fe9,42.378302000000005,-71.116447
513d699afdc9f035870047b1,42.317736,-71.08965500000001
513d6c4dfdc9f03587004f2d,42.361601,-71.09189600000002
513d6883fdc9f035870043d2,42.326189,-71.116401
513d6bebfdc9f03587004e37,42.319634,-71.06102499999997
513d684efdc9f03587004317,42.359973,-71.13577900000001
513d67adfdc9f03587004131,42.386993,-71.00765200000002
513d6822fdc9f03587004279,42.414621000000004,-71.061936
513d6b6bfdc9f03587004cf8,42.340810999999995,-71.12776600000002
513d6c3efdc9f03587004f0c,42.347658,-71.06346100000002
513d697afdc9f03587004744,42.400222,-71.05288399999999
513d684afdc9f03587004306,42.401688,-70.99278900000002
513d6b06fdc9f03587004c01,42.425383000000004,-71.06504999999999
513d6acefdc9f03587004b71,42.390814,-71.02265299999998
513d6880fdc9f035870043c6,42.349959000000005,-71.15700700000002
513d697bfdc9f0358700474a,42.366282,-71.12571500000001
513d676ffdc9f0358700408c,42.378888,-71.06525999999997
513d6a8efdc9f03587004ac8,42.357945,-71.16254000000005
513d699dfdc9f035870047bd,42.310678,-71.11469799999998
513d69e5fdc9f035870048b3,42.414161,-71.04173100000003
513d6887fdc9f035870043e2,42.372854,-71.05630300000001
513d6b5cfdc9f03587004cd5,42.345746999999996,-71.03807999999998
513d67c9fdc9f03587004174,42.323262,-71.10824600000002
513d6b8dfdc9f03587004d4e,42.420126,-71.08934399999998
513d6bbcfdc9f03587004dbc,42.367761,-71.12089900000002
513d681afdc9f0358700425e,42.291651,-71.111941
513d6792fdc9f035870040ec,42.38715,-71.08945699999998
513d6c9cfdc9f03587004fee,42.387178999999996,-71.08138600000002
513d68b7fdc9f0358700448a,42.353814,-71.11096800000001
513d67d1fdc9f03587004187,42.381852,-71.07207399999999
513d6abffdc9f03587004b4b,42.335119,-71.07042999999999
513d677efdc9f035870040b5,42.405637,-71.11242199999998
513d6b3bfdc9f03587004c8b,42.363005,-71.15909999999997
513d6c36fdc9f03587004ef8,42.409439,-71.00872800000002
513d6871fdc9f0358700438a,42.314778999999994,-71.13447100000002
513d69abfdc9f035870047f3,42.382255,-70.998627
513d6900fdc9f0358700458e,42.363457000000004,-71.139925
513d6aecfdc9f03587004bc0,42.275907000000004,-71.07061299999998
513d690afdc9f035870045b0,42.33247,-71.14814999999999
513d6b43fdc9f03587004c9b,42.341706,-71.057525
513d6c3efdc9f03587004f0a,42.389869,-71.138442
513d6872fdc9f0358700438e,42.395037,-71.05321400000003
513d6beffdc9f03587004e40,42.334432,-71.05480299999998
513d6b42fdc9f03587004c98,42.389263,-71.08542799999998
513d6aa9fdc9f03587004b10,42.421006,-71.07543800000002
513d6885fdc9f035870043db,42.393479,-71.084859
513d6aedfdc9f03587004bc3,42.364375,-71.08246899999999
513d67f4fdc9f035870041e4,42.341073,-71.15919300000002
513d6b5bfdc9f03587004cd2,42.41753,-71.10922499999998
513d6a7ffdc9f03587004aa2,42.27955,-71.07274100000002
513d6a87fdc9f03587004ab3,42.42261,-71.03250200000002
513d6a0ffdc9f0358700493e,42.287851,-71.09397299999999
513d6b01fdc9f03587004bf5,42.385532,-71.13704999999999
513d69a2fdc9f035870047d1,42.412394,-71.02122099999997
513d6bf5fdc9f03587004e4d,42.380309999999994,-70.97802999999998
513d685dfdc9f03587004348,42.318077,-71.08205599999997
513d6879fdc9f035870043aa,42.354865999999994,-71.17067299999997
513d6abafdc9f03587004b3c,42.282934000000004,-71.06566399999997
513d6b68fdc9f03587004cf4,42.369529,-71.04351099999997
513d6bbafdc9f03587004db8,42.365012,-71.09294799999998
513d687dfdc9f035870043ba,42.371879,-71.18149499999998
513d686ffdc9f03587004385,42.384908,-70.98245099999997
513d67b5fdc9f03587004143,42.342125,-71.04900399999997
513d6a82fdc9f03587004aa7,42.33489,-71.06455699999998
513d69e4fdc9f035870048ae,42.348488,-71.04990700000002
513d69f1fdc9f035870048dc,42.275842,-71.08600000000001
513d6be2fdc9f03587004e1f,42.361996000000005,-70.97509300000002
513d690cfdc9f035870045b3,42.315181,-71.03762799999998
513d6b31fdc9f03587004c73,42.331084999999995,-71.068329
513d6aa1fdc9f03587004afa,42.276856,-71.06064200000003
513d67edfdc9f035870041d0,42.40148,-71.019387
513d6961fdc9f035870046e7,42.313432,-71.110589
513d6b5ffdc9f03587004cde,42.370028999999995,-71.08318400000002
513d6c2ffdc9f03587004ee2,42.372913,-71.04032799999997
513d6771fdc9f03587004092,42.384784,-71.082222
513d6ad6fdc9f03587004b83,42.288641,-71.05553199999997
513d6817fdc9f03587004253,42.322441999999995,-71.053629
513d6c06fdc9f03587004e75,42.34003,-71.064394
513d68a2fdc9f03587004444,42.37536,-71.16640699999998
513d6bf8fdc9f03587004e55,42.375929,-70.974131
513d6b1dfdc9f03587004c41,42.311091,-71.05624699999998
513d67a7fdc9f03587004121,42.363707,-71.165436
513d69a7fdc9f035870047e3,42.3149,-71.03534599999999
513d6a9efdc9f03587004af1,42.378425,-71.16911399999998
513d6984fdc9f03587004768,42.416178,-71.004594
513d6c59fdc9f03587004f4c,42.374268,-71.18145300000003
513d6b17fdc9f03587004c34,42.386434,-71.13026000000002
513d696afdc9f03587004705,42.311612,-71.06135799999998
513d69defdc9f0358700489f,42.368903,-71.02794399999998
513d6a92fdc9f03587004acf,42.28382,-71.06253300000003
513d6bf9fdc9f03587004e58,42.345473999999996,-71.056961
513d6a58fdc9f03587004a39,42.279561,-71.060948
513d69c8fdc9f03587004855,42.389046,-71.10199200000001
513d6a39fdc9f035870049cd,42.261768,-71.07998299999997
513d6c98fdc9f03587004fe5,42.323415999999995,-71.13088700000003
513d6908fdc9f035870045a5,42.323421,-71.12076400000002
513d6a31fdc9f035870049b5,42.400261,-71.083349
513d69c1fdc9f0358700483c,42.373476000000004,-71.09889199999998
513d6930fdc9f0358700463f,42.389018,-71.01503200000002
513d6864fdc9f0358700435f,42.398564,-71.08879200000001
513d692efdc9f03587004635,42.293741,-71.120361
513d6987fdc9f03587004773,42.331417,-71.06667299999998
513d683efdc9f035870042dd,42.347321,-71.05083200000001
513d6aeefdc9f03587004bc5,42.354546,-71.16190899999998
513d6881fdc9f035870043c8,42.394482,-71.06717000000003
513d6c06fdc9f03587004e76,42.3655,-71.168092
513d6a85fdc9f03587004aad,42.406843,-71.011326
513d68eafdc9f0358700453c,42.299364000000004,-71.061849
513d6b00fdc9f03587004bf1,42.337976,-71.10560800000002
513d6c8dfdc9f03587004fc5,42.382033,-71.03927099999999
513d6b15fdc9f03587004c2e,42.395790000000005,-71.065991
513d69ddfdc9f0358700489a,42.417556,-71.05140399999998
513d6b9afdc9f03587004d70,42.376856,-71.02815499999997
513d6770fdc9f0358700408f,42.373084000000006,-71.102777
513d6bb6fdc9f03587004db0,42.315775,-71.03404799999998
513d69f2fdc9f035870048de,42.32397,-71.07700399999997
513d6a8bfdc9f03587004ac0,42.383383,-71.15918199999999
513d6842fdc9f035870042ec,42.375118,-71.14087699999997
513d69f5fdc9f035870048e8,42.38957,-71.02626800000002
513d6aa4fdc9f03587004b03,42.390011,-71.03458699999999
513d6c2afdc9f03587004ed4,42.335401,-71.14291300000002
513d6c32fdc9f03587004eeb,42.350901,-71.13370700000002
513d6c19fdc9f03587004ea9,42.414027000000004,-71.09292299999998
513d69c7fdc9f03587004850,42.307649,-71.100752
513d69e1fdc9f035870048a5,42.357165,-71.17543599999998
513d6a46fdc9f035870049fc,42.274514,-71.08005600000001
513d6953fdc9f035870046b2,42.385789,-71.019675
513d6aacfdc9f03587004b1a,42.42323,-71.04613499999998
513d687efdc9f035870043c1,42.369443,-70.97118999999998
513d6822fdc9f0358700427c,42.359831,-71.10870299999998
513d6c26fdc9f03587004ecc,42.428411,-71.041969
513d6b31fdc9f03587004c71,42.358925,-71.10890699999999
513d6968fdc9f03587004701,42.377662,-71.17631
513d68fffdc9f03587004589,42.365339,-71.11813899999999
513d6c8bfdc9f03587004fc1,42.304602,-71.081662
513d67fbfdc9f035870041f8,42.386486,-71.161495
513d6ac5fdc9f03587004b59,42.314455,-71.08844699999997
513d6b09fdc9f03587004c0b,42.329397,-71.05437999999998
513d68bbfdc9f0358700449a,42.348934,-71.101923
513d689ffdc9f0358700443a,42.365961,-71.08415500000002
513d6bd6fdc9f03587004dfe,42.391763,-71.15362700000003
513d6940fdc9f03587004674,42.331899,-71.14641599999999
513d6b29fdc9f03587004c60,42.42289,-71.02663299999999
513d68c7fdc9f035870044c6,42.410502,-71.09216900000001
513d6c5dfdc9f03587004f57,42.38837,-71.161966
513d676dfdc9f03587004086,42.392059,-71.17797100000001
513d67fcfdc9f035870041fa,42.402271999999996,-71.01806299999998
513d6a83fdc9f03587004aa9,42.353857,-71.12116100000003
513d695cfdc9f035870046d4,42.288154,-71.07039800000003
513d6b11fdc9f03587004c22,42.418494,-71.093166
513d6929fdc9f03587004628,42.367271,-71.09534200000002
513d6afcfdc9f03587004be6,42.342903,-71.07361400000002
513d69d2fdc9f0358700487b,42.284448,-71.102574
513d6910fdc9f035870045c7,42.341614,-71.06998199999998
513d69a6fdc9f035870047e1,42.338629,-71.15783299999998
513d691bfdc9f035870045f2,42.264659,-71.07486
513d6932fdc9f03587004648,42.382939,-71.09791799999998
513d68a1fdc9f03587004442,42.332871999999995,-71.11674299999999
513d6a63fdc9f03587004a5a,42.386666,-71.10815600000002
513d67d0fdc9f03587004183,42.33628,-71.14943800000003
513d68e6fdc9f0358700452e,42.342247,-71.04679199999998
513d6806fdc9f0358700421c,42.375161999999996,-71.09806300000002
513d6858fdc9f03587004337,42.338884,-71.12125000000003
513d6b0efdc9f03587004c1b,42.421724,-71.04923300000002
513d698afdc9f0358700477d,42.303801,-71.08512200000001
513d6bfafdc9f03587004e5b,42.319887,-71.07658700000002
513d6c45fdc9f03587004f19,42.415665999999995,-71.09064599999998
513d6c66fdc9f03587004f6d,42.411772,-71.05054100000002
513d6a54fdc9f03587004a28,42.350608,-71.140085
513d6a37fdc9f035870049c6,42.380895,-71.11426599999999
513d6a5afdc9f03587004a3f,42.330978,-71.08935799999999
513d6c95fdc9f03587004fdd,42.334027,-71.15406800000001
513d69f8fdc9f035870048f1,42.335074,-71.107599
513d6be7fdc9f03587004e2a,42.34919,-71.149585
513d67d5fdc9f03587004194,42.320266,-71.10352599999999
513d69ecfdc9f035870048cb,42.397109,-71.119282
513d67f0fdc9f035870041d9,42.317132,-71.05679299999997
513d698efdc9f0358700478b,42.336557,-71.11188400000003
513d67b7fdc9f0358700414a,42.335059,-71.129346
513d6796fdc9f035870040f5,42.364102,-71.07701500000002
513d6c1cfdc9f03587004eb2,42.387281,-71.10005600000001
513d6882fdc9f035870043cb,42.331709000000004,-71.07617299999998
513d6b96fdc9f03587004d63,42.364808000000004,-71.18190600000003
513d68dcfdc9f0358700450a,42.340146000000004,-71.04654600000003
513d6937fdc9f0358700465f,42.387607,-71.12584200000003
513d69b8fdc9f0358700481f,42.277465,-71.071777
513d6893fdc9f03587004404,42.354521999999996,-71.04722600000002
513d6a12fdc9f03587004949,42.396764000000005,-70.99217299999998
513d6bc5fdc9f03587004dd1,42.418915999999996,-71.01342199999998
513d6a61fdc9f03587004a53,42.336773,-71.13217700000001
513d6b32fdc9f03587004c75,42.289318,-71.08946200000003
513d6896fdc9f03587004412,42.404913,-71.09247399999998
513d6c85fdc9f03587004fb2,42.341839,-71.08612199999997
513d6c7dfdc9f03587004f9f,42.403214,-71.11276099999998
513d6942fdc9f03587004679,42.307639,-71.12305600000002
513d6ac3fdc9f03587004b55,42.370193,-71.02669900000002
513d691cfdc9f035870045f8,42.374868,-71.05281200000002
513d6c74fdc9f03587004f8b,42.399710999999996,-71.13956300000002
513d6c33fdc9f03587004ef0,42.425649,-71.01765499999998
513d6aadfdc9f03587004b1e,42.325990000000004,-71.13399900000002
513d6ba5fdc9f03587004d8c,42.3953,-70.98573199999998
513d6bd8fdc9f03587004e03,42.335009,-71.08853399999998
513d6884fdc9f035870043d7,42.399508000000004,-71.11879599999997
513d68f8fdc9f0358700456f,42.329407,-71.15610600000002
513d6971fdc9f0358700471e,42.349961,-71.152242
513d68f4fdc9f03587004562,42.345415,-71.15292499999998
513d6a14fdc9f0358700494e,42.388635,-70.979241
513d6b6cfdc9f03587004cfc,42.322720000000004,-71.087896
513d6856fdc9f0358700432f,42.351531,-71.14387499999998
513d6934fdc9f0358700464e,42.335561,-71.09181600000001
513d6a7bfdc9f03587004a96,42.35345,-71.11589900000001
513d69aefdc9f035870047fd,42.312415,-71.07304599999998
513d6c8ffdc9f03587004fcc,42.385246,-71.173652
513d6774fdc9f0358700409e,42.404543,-71.15945399999998
513d682afdc9f03587004296,42.368212,-71.17118700000003
513d69c0fdc9f03587004837,42.389212,-71.09386899999998
513d67e3fdc9f035870041b6,42.320546,-71.10226999999998
513d6a26fdc9f03587004990,42.362299,-71.09052200000002
513d68e9fdc9f03587004539,42.282632,-71.09223500000002
513d6a96fdc9f03587004add,42.392692,-71.16938900000002
513d6827fdc9f0358700428c,42.404183,-71.002163
513d68d6fdc9f035870044f5,42.291561,-71.07735400000001
513d6a7efdc9f03587004a9b,42.382308,-71.16164400000002
513d6784fdc9f035870040c8,42.342805,-71.07155300000001
513d6c17fdc9f03587004ea3,42.395478999999995,-71.14057200000002
513d693bfdc9f03587004669,42.342873,-71.16516200000002
513d678bfdc9f035870040db,42.33247,-71.14814999999999
513d6848fdc9f03587004301,42.317218,-71.11674399999998
513d6c53fdc9f03587004f3c,42.401455,-70.98508500000003
513d67c0fdc9f0358700415d,42.423746,-71.05953799999997
513d678dfdc9f035870040df,42.309326,-71.05185899999998
513d6a88fdc9f03587004ab7,42.353938,-71.139025
513d6b16fdc9f03587004c31,42.428259000000004,-71.04626300000002
513d6c55fdc9f03587004f41,42.268143,-71.07143000000002
513d6a15fdc9f03587004953,42.358637,-71.02572199999997
513d6b0afdc9f03587004c0e,42.354781,-71.057908
513d6c8ffdc9f03587004fca,42.369308000000004,-71.09006899999997
513d6aa2fdc9f03587004afd,42.370252,-71.16695300000003
513d6974fdc9f03587004728,42.297268,-71.09085500000003
513d6a64fdc9f03587004a5d,42.360032000000004,-71.04927099999998
513d6badfdc9f03587004d9f,42.275090000000006,-71.06312100000002
513d6b3bfdc9f03587004c89,42.381145000000004,-71.01921500000003
513d6958fdc9f035870046c4,42.36343,-71.11816199999998
513d6c01fdc9f03587004e6b,42.356519,-71.094312
513d6c2cfdc9f03587004ed8,42.369746,-71.06593599999997
513d681efdc9f0358700426d,42.424158,-71.02279900000002
513d6a87fdc9f03587004ab5,42.360943,-71.079004
513d6c57fdc9f03587004f46,42.417583,-71.117548
513d686afdc9f03587004374,42.367701000000004,-71.065899
513d6c55fdc9f03587004f42,42.360495,-71.15836200000003
513d6b22fdc9f03587004c4e,42.390235,-71.09826299999997
513d6af1fdc9f03587004bcd,42.355789,-71.07111900000002
513d6c4efdc9f03587004f2f,42.341826,-71.05705
513d6c0bfdc9f03587004e82,42.339977000000005,-71.09593100000002
513d6b3afdc9f03587004c86,42.358996999999995,-71.09720600000003
513d685ffdc9f03587004350,42.375445,-71.07342800000005
513d6a16fdc9f03587004957,42.333302,-71.118786
513d6bd3fdc9f03587004df7,42.382173,-71.140445
513d6c51fdc9f03587004f34,42.389252,-71.113089
513d6a71fdc9f03587004a7b,42.387002,-71.105232
513d6a04fdc9f03587004916,42.412193,-71.13092599999997
513d6811fdc9f0358700423c,42.391583000000004,-71.035774
513d699dfdc9f035870047bb,42.370625,-70.98443199999997
513d6aeffdc9f03587004bc8,42.321201,-71.07899099999997
513d6a9cfdc9f03587004aed,42.415116,-71.001938
513d6a00fdc9f0358700490c,42.392008000000004,-71.01279799999998
513d6aaefdc9f03587004b20,42.342431,-71.07946400000003
513d688afdc9f035870043ea,42.389860999999996,-71.13405599999999
513d67bcfdc9f03587004156,42.298339,-71.10185100000002
513d6a48fdc9f03587004a02,42.420037,-71.00335799999998
513d6a29fdc9f0358700499d,42.334046,-71.11894000000002
513d68edfdc9f03587004548,42.339583000000005,-71.09978999999998
513d6c9dfdc9f03587004ff3,42.407168,-71.03291899999998
513d6994fdc9f0358700479d,42.4015,-71.037756
513d6866fdc9f03587004363,42.359153000000006,-71.12038799999998
513d69f9fdc9f035870048f3,42.337987,-71.04955999999999
513d68f0fdc9f03587004553,42.354446,-71.13666599999998
513d69f6fdc9f035870048ea,42.389613,-71.071146
513d6800fdc9f03587004206,42.408178,-71.12094200000001
513d6c62fdc9f03587004f61,42.379996000000006,-71.16926799999997
513d67d6fdc9f03587004196,42.389996000000004,-71.149902
513d68ebfdc9f03587004541,42.329461,-71.129234
513d688bfdc9f035870043ed,42.365442,-71.169668
513d6c78fdc9f03587004f96,42.326949,-71.09619099999998
513d68d9fdc9f035870044fe,42.39459,-71.15837899999997
513d6855fdc9f0358700432b,42.387268,-71.08215899999998
513d6c49fdc9f03587004f23,42.308486,-71.11533700000003
513d680efdc9f03587004234,42.293403000000005,-71.06793099999999
513d6a1efdc9f03587004975,42.379433,-71.13391999999997
513d6b2afdc9f03587004c62,42.408687,-71.02660000000003
513d67dffdc9f035870041ab,42.360268,-71.12095999999997
513d6833fdc9f035870042b1,42.422649,-71.010873
513d6959fdc9f035870046c7,42.379816,-71.121421
513d6b04fdc9f03587004bfd,42.330129,-71.12528700000001
513d688cfdc9f035870043f0,42.395119,-71.13084600000002
513d68b4fdc9f0358700447f,42.282082,-71.05862300000003
513d6aabfdc9f03587004b16,42.327011999999996,-71.14586400000002
513d6c9dfdc9f03587004ff1,42.338113,-71.13611999999999
513d6becfdc9f03587004e39,42.345271000000004,-71.03637100000003
513d6836fdc9f035870042c1,42.389872,-71.02294599999998
513d6938fdc9f03587004660,42.353792999999996,-71.10943199999997
513d6c2efdc9f03587004edf,42.278679,-71.06506300000002
513d6a7afdc9f03587004a94,42.390104,-71.13171899999998
513d68aafdc9f0358700445c,42.34211,-71.07854600000002
513d69f8fdc9f035870048ef,42.376338,-71.05016899999998
513d6b1ffdc9f03587004c46,42.337381,-71.16181499999998
513d6bcafdc9f03587004de0,42.326634000000006,-71.152401
513d6927fdc9f03587004622,42.415892,-71.12274100000002
513d67b7fdc9f03587004148,42.415625,-71.09039100000003
513d6bd0fdc9f03587004dee,42.40663,-71.10988800000001
513d6b14fdc9f03587004c2b,42.325662,-71.15519899999998
513d6782fdc9f035870040c2,42.416763,-70.99838899999997
513d6b0ffdc9f03587004c1d,42.367602000000005,-71.11938099999998
513d695efdc9f035870046dc,42.354918,-71.09973200000002
513d67f1fdc9f035870041dc,42.332606,-71.12998199999998
513d6bfffdc9f03587004e65,42.391034999999995,-71.12653599999999
513d6baafdc9f03587004d97,42.352286,-71.06920100000002
513d6a97fdc9f03587004adf,42.399202,-71.17410799999998
513d6897fdc9f03587004416,42.392771999999994,-71.12821500000003
513d6855fdc9f0358700432d,42.422940999999994,-71.01309500000002
513d6b26fdc9f03587004c55,42.279626,-71.05915099999999
513d6773fdc9f0358700409a,42.342690999999995,-71.06410800000003
513d67a4fdc9f0358700411a,42.384805,-71.08839499999998
513d68b2fdc9f03587004478,42.33469,-71.14776899999998
513d6a01fdc9f0358700490f,42.323312,-71.05589600000002
513d69fffdc9f03587004907,42.415811,-71.012654
513d6a5efdc9f03587004a4e,42.377854,-71.09902599999998
513d6793fdc9f035870040f0,42.343752,-71.08219799999999
513d6bc7fdc9f03587004dd7,42.405923,-71.15357599999999
513d6bc8fdc9f03587004dda,42.293248999999996,-71.07434899999998
513d6b2cfdc9f03587004c68,42.416817,-71.008375
513d69b4fdc9f03587004811,42.375357,-71.14417300000002
513d6b29fdc9f03587004c5e,42.279321,-71.091275
513d696ffdc9f03587004718,42.402491,-71.05441200000001
513d6831fdc9f035870042ab,42.306012,-71.07285999999998
513d6a02fdc9f03587004911,42.3579,-71.16190599999999
513d6770fdc9f0358700408d,42.283026,-71.08893799999998
513d6a9efdc9f03587004af3,42.293265999999996,-71.09454700000003
513d69c9fdc9f0358700485c,42.303985,-71.047685
513d68e0fdc9f03587004519,42.281727000000004,-71.08227899999997
513d6bbdfdc9f03587004dbf,42.38278,-71.09891199999998
513d69e6fdc9f035870048b8,42.363928,-71.120901
513d68e2fdc9f0358700451f,42.382501,-71.18006899999999
513d6af6fdc9f03587004bda,42.375093,-71.14711799999998
513d68d0fdc9f035870044e2,42.39942,-70.98597600000001
513d6944fdc9f0358700467e,42.424786,-71.039759
513d6a91fdc9f03587004acc,42.407914,-71.01255700000002
513d699efdc9f035870047bf,42.311685,-71.10148900000002
513d6c21fdc9f03587004ec0,42.382895,-70.986199
513d6a4afdc9f03587004a0a,42.371631,-71.098029
513d6807fdc9f0358700421f,42.412269,-71.051133
513d6884fdc9f035870043d5,42.407975,-71.09313600000002
513d67f1fdc9f035870041da,42.39725,-70.98425999999999
513d6aa9fdc9f03587004b0e,42.357877,-71.09031600000003
513d6b4bfdc9f03587004cac,42.347007,-71.04339800000002
513d6b67fdc9f03587004cf1,42.373987,-71.03292299999998
513d6c64fdc9f03587004f67,42.390157,-71.03875900000003
513d698ffdc9f0358700478d,42.332309,-71.09567700000002
513d681efdc9f0358700426a,42.396784999999994,-71.11187699999998
513d69cdfdc9f03587004867,42.423124,-71.08741900000003
513d69a3fdc9f035870047d5,42.39031,-71.17546600000003
513d6c84fdc9f03587004fb1,42.411884,-71.12156400000003
513d69eafdc9f035870048c7,42.389713,-71.14414899999997
513d6b24fdc9f03587004c51,42.390971,-71.03769699999998
513d6adafdc9f03587004b8f,42.422134,-71.003807
513d685cfdc9f03587004343,42.272428000000005,-71.09042799999997
513d67c6fdc9f0358700416d,42.307177,-71.09265099999998
513d67c5fdc9f03587004169,42.424514,-71.06459999999998
513d678afdc9f035870040d7,42.327557,-71.15840100000003
513d6961fdc9f035870046e5,42.281202,-71.09124300000002
513d68c5fdc9f035870044bd,42.328889000000004,-71.07915799999999
513d69d7fdc9f0358700488d,42.387268,-71.08215899999998
513d68f9fdc9f03587004573,42.374886,-71.10015099999998
513d6b1efdc9f03587004c44,42.346034,-71.15585099999998
513d6b6ffdc9f03587004d01,42.378356,-71.07628999999997
513d69ccfdc9f03587004865,42.354439,-71.10148200000003
513d6b6ffdc9f03587004d02,42.312422,-71.10515599999997
513d6c89fdc9f03587004fbc,42.350749,-71.08985600000001
513d69b6fdc9f0358700481b,42.34284,-71.09022400000003
513d67cdfdc9f0358700417b,42.381673,-71.11524099999997
513d689dfdc9f03587004431,42.310833,-71.124032
513d685bfdc9f03587004341,42.407103,-71.04269599999998
513d6c64fdc9f03587004f68,42.346576,-71.03375599999998
513d6afbfdc9f03587004be1,42.394469,-71.09423600000002
513d683ffdc9f035870042e1,42.385289,-71.12984499999997
513d67d3fdc9f0358700418d,42.394403000000004,-71.17048499999999
513d67a0fdc9f03587004110,42.308412,-71.11658599999998
513d69d1fdc9f0358700487a,42.382534,-71.06574899999998
513d6c6dfdc9f03587004f7d,42.401009,-71.11618199999998
513d6c69fdc9f03587004f74,42.400059999999996,-71.01596899999998
513d6922fdc9f0358700460e,42.38377,-71.10888399999997
513d6bcffdc9f03587004dec,42.410957,-71.108948
513d68eafdc9f0358700453e,42.318948999999996,-71.10904800000003
513d6c5afdc9f03587004f4e,42.393485999999996,-71.132855
513d6815fdc9f0358700424c,42.323043,-71.06370099999998
513d6b2efdc9f03587004c6d,42.350099,-71.07002899999998
513d68e1fdc9f0358700451b,42.323065,-71.07237700000002
513d6beffdc9f03587004e42,42.396196,-70.99386300000003
513d6897fdc9f03587004414,42.315219,-71.117524
513d6817fdc9f03587004255,42.352451,-71.14736199999999
513d6c54fdc9f03587004f3f,42.345682000000004,-71.04271599999998
513d6ae0fdc9f03587004b9d,42.338088,-71.17107699999997
513d6a3dfdc9f035870049dc,42.413515999999994,-71.098098
513d6856fdc9f03587004331,42.300253999999995,-71.106922
513d6b52fdc9f03587004cbe,42.316146999999994,-71.06894399999999
513d6987fdc9f03587004771,42.327890999999994,-71.13675999999998
513d6795fdc9f035870040f3,42.407204,-71.048969
513d694dfdc9f0358700469c,42.379302,-71.02414299999998
513d6c4afdc9f03587004f25,42.360789000000004,-71.05744900000002
513d6ad3fdc9f03587004b7e,42.327833,-71.154921
513d6c07fdc9f03587004e78,42.27967,-71.088912
513d688ffdc9f035870043f9,42.302845,-71.11841600000002
513d6804fdc9f03587004213,42.409269,-71.05739
513d6a9afdc9f03587004ae6,42.411603,-71.09221100000002
513d6a36fdc9f035870049c1,42.347204999999995,-71.16006500000003
513d6b07fdc9f03587004c07,42.359769,-71.18068800000003
513d6c1efdc9f03587004eb8,42.395455,-71.02651600000002
513d6a93fdc9f03587004ad4,42.289574,-71.05326200000002
513d67e1fdc9f035870041b1,42.4071,-71.13338499999998
513d69cffdc9f03587004871,42.390988,-71.04017899999997
513d6872fdc9f0358700438c,42.363331,-71.16188499999998
513d6aa3fdc9f03587004aff,42.389613,-71.071146
513d6b46fdc9f03587004c9f,42.351445,-71.11938099999998
513d6902fdc9f03587004594,42.340426,-71.08497999999997
513d6854fdc9f03587004328,42.392559000000006,-70.98632399999997
513d6b39fdc9f03587004c84,42.314802,-71.14197899999998
513d6a2afdc9f035870049a1,42.284504,-71.10967599999998
513d69ccfdc9f03587004863,42.347995000000004,-71.15248700000002
513d6785fdc9f035870040cb,42.37348,-71.11481800000001
513d68fafdc9f03587004579,42.366904,-71.04126100000002
513d68c4fdc9f035870044ba,42.289169,-71.07951600000001
513d6bc1fdc9f03587004dc7,42.355117,-71.15132599999998
513d6c86fdc9f03587004fb6,42.347781,-71.177482
513d692dfdc9f03587004630,42.423994,-71.014048
513d68c9fdc9f035870044cb,42.418278,-71.08738499999998
513d6912fdc9f035870045d0,42.327427,-71.13112799999998
513d6bcbfdc9f03587004de2,42.332803999999996,-71.13057600000002
513d6a3cfdc9f035870049d8,42.395182,-71.15434700000003
513d6814fdc9f03587004248,42.303616999999996,-71.06606599999998
513d6bfcfdc9f03587004e5d,42.359226,-71.14225899999997
513d6ab2fdc9f03587004b2a,42.381986,-71.03509400000002
513d6774fdc9f0358700409c,42.322075,-71.09533899999997
513d6783fdc9f035870040c6,42.369378000000005,-71.15767599999998
513d676efdc9f03587004089,42.402764000000005,-70.995162
513d6b04fdc9f03587004bff,42.363640999999994,-71.02487200000002
513d69c5fdc9f03587004849,42.404022999999995,-71.04502500000002
513d6b38fdc9f03587004c80,42.35103,-71.08387600000003
513d69b2fdc9f03587004809,42.363993,-71.05782099999998
513d6a6dfdc9f03587004a72,42.382644,-70.98618999999997
513d6c33fdc9f03587004eee,42.38857,-70.979153
513d6787fdc9f035870040d1,42.32277,-71.099964
513d6c01fdc9f03587004e6d,42.388166999999996,-71.09975099999997
513d6a06fdc9f0358700491b,42.344289,-71.06701700000002
513d6a98fdc9f03587004ae2,42.341445,-71.12079499999999
513d678cfdc9f035870040dd,42.321937,-71.10325300000001
513d6a78fdc9f03587004a8d,42.279984000000006,-71.07680900000003
513d6878fdc9f035870043a8,42.345124,-71.16395899999998
513d6780fdc9f035870040ba,42.294635,-71.08702199999998
513d69bbfdc9f0358700482e,42.372602,-70.98404299999999
513d67fdfdc9f035870041fd,42.357026,-71.05158799999998
513d67dbfdc9f035870041a2,42.331009,-71.11347899999998
513d6812fdc9f03587004242,42.282315000000004,-71.06425899999998
513d68b5fdc9f03587004484,42.372181,-70.97760299999999
513d6980fdc9f0358700475d,42.346392,-71.16210500000001
513d68dafdc9f03587004502,42.412292,-71.02085499999998
513d67c4fdc9f03587004166,42.403133000000004,-71.13058999999998
513d69a4fdc9f035870047da,42.394788,-71.12737199999998
513d6914fdc9f035870045d8,42.358034,-71.06507499999998
513d6bc3fdc9f03587004dcc,42.308803999999995,-71.121307
513d67cefdc9f0358700417f,42.303237,-71.057346
513d6c6afdc9f03587004f77,42.404166,-71.14866899999998
513d6a6dfdc9f03587004a74,42.306222999999996,-71.06086700000003
513d68bffdc9f035870044aa,42.30024,-71.07470799999999
513d6c98fdc9f03587004fe3,42.416719,-71.08898099999998
513d68b9fdc9f03587004492,42.289278,-71.10362499999997
513d6b50fdc9f03587004cb9,42.383203,-71.11614099999997
513d6a89fdc9f03587004abc,42.414657,-71.02944300000001
513d6950fdc9f035870046a6,42.321993,-71.09680000000003
513d68f6fdc9f03587004569,42.415791999999996,-71.05428699999999
513d6930fdc9f03587004641,42.296453,-71.11752000000001
513d6bccfdc9f03587004de3,42.308873999999996,-71.11954899999999
513d6a56fdc9f03587004a31,42.364602000000005,-71.10751399999998
513d69cffdc9f0358700486f,42.399495,-70.993964
513d6c11fdc9f03587004e92,42.374957,-71.184324
513d6b37fdc9f03587004c7e,42.376558,-71.162529
513d6bdbfdc9f03587004e09,42.342247,-71.04679199999998
513d677bfdc9f035870040ad,42.401953999999996,-71.08122000000003
513d69aafdc9f035870047f2,42.374165999999995,-70.97674
513d6773fdc9f03587004098,42.336684000000005,-71.162056
513d6796fdc9f035870040f7,42.420671,-71.00091099999997
513d6a2ffdc9f035870049ad,42.383072999999996,-70.98516699999998
513d6991fdc9f03587004794,42.331102,-71.08626400000003
513d67f8fdc9f035870041ef,42.341904,-71.06637999999998
513d69d4fdc9f03587004884,42.411432,-71.10456699999997
513d697cfdc9f0358700474e,42.344675,-71.079161
513d6b94fdc9f03587004d5f,42.343181,-71.09391399999998
513d6c90fdc9f03587004fcf,42.295446999999996,-71.07915899999999
513d6ca8fdc9f0358700500f,42.361483,-71.09213699999998
513d69d5fdc9f03587004886,42.376453000000005,-71.160957
513d6833fdc9f035870042b3,42.315744,-71.10267399999998
513d6971fdc9f03587004721,42.400369,-71.10400300000003
513d6977fdc9f03587004739,42.342915999999995,-71.149587
513d6906fdc9f0358700459f,42.342171,-71.09040299999998
513d678afdc9f035870040d8,42.336409,-71.10807199999998
513d6b90fdc9f03587004d55,42.40173,-71.15476000000002
513d6c77fdc9f03587004f92,42.368515,-71.059751
513d68d8fdc9f035870044f9,42.368131,-71.17763200000002
513d6a0dfdc9f03587004937,42.365565000000004,-71.04972299999997
513d6b12fdc9f03587004c25,42.407219,-71.03477199999998
513d6b78fdc9f03587004d18,42.292343,-71.05810099999997
513d6921fdc9f0358700460c,42.377523,-71.12206000000003
513d67f7fdc9f035870041eb,42.426486,-71.073532
513d6ac6fdc9f03587004b5d,42.390075,-71.17672600000003
513d6b7dfdc9f03587004d27,42.329276,-71.12103000000002
513d68c2fdc9f035870044b4,42.426944,-71.04289599999998
513d6c36fdc9f03587004ef6,42.346333,-71.048381
513d67f9fdc9f035870041f1,42.379642,-71.12235699999997
513d6bdefdc9f03587004e15,42.368828,-71.17515800000002
513d68b3fdc9f0358700447d,42.330613,-71.05282399999999
513d6953fdc9f035870046b4,42.368664,-71.110501
513d68a4fdc9f03587004448,42.302526,-71.08687800000001
513d68bcfdc9f035870044a1,42.323384999999995,-71.048969
513d6972fdc9f03587004724,42.370327,-71.14039300000002
513d6933fdc9f0358700464b,42.353264,-71.06300399999998
513d67fafdc9f035870041f4,42.322123,-71.092555
513d6a75fdc9f03587004a86,42.386486,-71.161495
513d6be4fdc9f03587004e25,42.405435,-71.034313
513d6a7ffdc9f03587004a9f,42.422542,-71.09968200000003
513d6a2dfdc9f035870049a9,42.411615000000005,-71.08131600000002
513d68e6fdc9f03587004531,42.415677,-71.12935099999999
513d6b99fdc9f03587004d6c,42.383959999999995,-71.16770400000001
513d69e4fdc9f035870048ad,42.381688,-71.05553600000002
513d68eefdc9f0358700454c,42.358858000000005,-71.12721199999999
513d6b6dfdc9f03587004cfe,42.365232,-71.15492599999997
513d6a26fdc9f0358700498d,42.409275,-71.11127699999997
513d69c8fdc9f03587004858,42.338006,-71.13376299999999
513d6accfdc9f03587004b6d,42.336857,-71.16400199999998
513d6812fdc9f03587004240,42.393031,-71.16001699999998
513d68b6fdc9f03587004486,42.358411,-71.09839299999999
513d695bfdc9f035870046d1,42.395294,-71.12527299999998
513d6901fdc9f03587004590,42.400737,-71.08017899999999
513d6a1cfdc9f03587004970,42.350305999999996,-71.17101000000002
513d6b10fdc9f03587004c20,42.345114,-71.07149900000002
513d68bdfdc9f035870044a6,42.358892,-71.050862
513d6881fdc9f035870043ca,42.305808,-71.130133
513d6941fdc9f03587004676,42.275422,-71.08901400000002
513d67ecfdc9f035870041cd,42.285331,-71.05958599999997
513d6ad0fdc9f03587004b77,42.393027000000004,-71.08040699999998
513d6a8afdc9f03587004abd,42.343576,-71.04524600000002
513d6ac2fdc9f03587004b53,42.414402,-71.094424
513d69d3fdc9f0358700487e,42.388008,-71.03863999999999
513d6a94fdc9f03587004ad6,42.399325,-71.047913
513d6b02fdc9f03587004bf8,42.393124,-71.079771
513d6a3ffdc9f035870049e8,42.319654,-71.09901500000002
513d6834fdc9f035870042b8,42.392201,-71.08836600000002
513d6ae1fdc9f03587004ba2,42.388705,-71.089359
513d68fbfdc9f0358700457c,42.388312,-70.99713500000001
513d6809fdc9f03587004225,42.360717,-71.13278200000002
513d6946fdc9f03587004687,42.333077,-71.10790899999999
513d681bfdc9f03587004260,42.404543,-71.15945399999998
513d6abefdc9f03587004b47,42.355103,-71.128332
513d6b84fdc9f03587004d37,42.300698,-71.108475
513d6923fdc9f03587004610,42.352218,-71.11336900000003
513d6b8dfdc9f03587004d4d,42.34169,-71.137067
513d6b49fdc9f03587004ca9,42.369690999999996,-71.09231599999998
513d68b1fdc9f03587004473,42.417004999999996,-71.06550600000003
513d6a08fdc9f03587004922,42.360219,-71.16407100000005
513d6a79fdc9f03587004a91,42.309303,-71.04537099999997
513d687bfdc9f035870043b2,42.27187,-71.09216000000005
513d6ae5fdc9f03587004bad,42.392578,-71.00548500000002
513d6a99fdc9f03587004ae4,42.357331,-71.06841899999999
513d6857fdc9f03587004334,42.340137,-71.089741
513d6c16fdc9f03587004ea2,42.377759000000005,-71.12031100000002
513d6af4fdc9f03587004bd6,42.334891999999996,-71.10855400000003
513d6bfcfdc9f03587004e5f,42.318811,-71.07352600000002
513d6c81fdc9f03587004faa,42.381251,-71.06120199999998
513d6cabfdc9f03587005016,42.360032000000004,-71.04927099999998
513d6801fdc9f03587004208,42.360019,-71.08387800000003
513d6ab4fdc9f03587004b30,42.305408,-71.053271
513d68f3fdc9f0358700455f,42.308114,-71.04954900000001
513d6a5bfdc9f03587004a42,42.400774,-71.09455500000001
513d6b9afdc9f03587004d6e,42.380497999999996,-71.10654699999998
513d67ddfdc9f035870041a8,42.363105,-71.10221700000001
513d683efdc9f035870042db,42.389511999999996,-71.00643200000002
513d6ba9fdc9f03587004d95,42.392376,-71.09834899999998
513d6929fdc9f03587004629,42.366125,-71.079948
513d6893fdc9f03587004406,42.352914,-71.17115999999999
513d6899fdc9f0358700441d,42.369334,-70.986087
513d6bdcfdc9f03587004e0e,42.356047,-71.13354800000002
513d6be7fdc9f03587004e2d,42.416647999999995,-70.998044
513d67f0fdc9f035870041d7,42.388312,-70.99713500000001
513d6a15fdc9f03587004955,42.385124,-71.01513999999997
513d6a49fdc9f03587004a08,42.408613,-71.05288900000001
513d6c3cfdc9f03587004f06,42.336377,-71.10152399999998
513d6c5cfdc9f03587004f55,42.343471,-71.10285299999998
513d6baefdc9f03587004da2,42.383123,-71.17117200000001
513d6931fdc9f03587004643,42.322075,-71.09533899999997
513d697ffdc9f03587004759,42.307618,-71.09180500000002
513d6ab9fdc9f03587004b39,42.27298,-71.08479399999997
513d68edfdc9f03587004546,42.340978,-71.17462699999999
513d68a6fdc9f0358700444f,42.416376,-70.99723399999998
513d6a1afdc9f03587004968,42.398447999999995,-71.09278799999998
513d6995fdc9f035870047a2,42.346451,-71.06982199999999
513d6966fdc9f035870046f6,42.406133000000004,-70.99411499999997
513d68d5fdc9f035870044f0,42.387512,-71.07221099999998
513d6c63fdc9f03587004f65,42.391402,-71.16295200000002
513d678efdc9f035870040e3,42.356914,-71.06617699999998
513d6b7dfdc9f03587004d25,42.266000000000005,-71.07752800000003
513d6bd4fdc9f03587004df9,42.401312,-70.987685
513d67a1fdc9f03587004114,42.417744,-71.01023399999997
513d67d0fdc9f03587004186,42.322007,-71.135355
513d6823fdc9f03587004281,42.347547,-71.11972300000002
513d67b0fdc9f03587004139,42.276336,-71.06837900000001
513d6888fdc9f035870043e4,42.384924,-71.09282999999998